assetId,assetName,assetDesc
1,Cloud Computing: A Beginner's Guide,"A comprehensive introduction to cloud computing, covering the basics of what it is, how it works, and how to get started."
2,Cloud Architecture Patterns,"This book explores different cloud architecture patterns, from simple to complex, providing insights into how to design scalable systems."
3,Cloud Native Applications,"Learn how to develop, deploy, and manage cloud native applications, including containerization, microservices, and serverless computing."
4,Cloud Security: A Comprehensive Guide,"A complete guide to cloud security, covering the latest threats, best practices, and tools to secure your cloud environment."
5,Building Cloud-native Applications with Kubernetes,"This book explores how to build cloud-native applications with Kubernetes, including deploying and managing applications on a Kubernetes cluster."
6,Hybrid Cloud for Dummies,"A beginner's guide to hybrid cloud, including its benefits, challenges, and how to implement it."
7,Cloud-Based Applications: A Step-by-Step Guide,"This book provides a step-by-step guide to building and deploying cloud-based applications, including cloud infrastructure and platforms."
8,Cloud Computing for Data Science,"This book explores how cloud computing can be used for data science, including data storage, processing, and analysis in the cloud."
9,The Essential Guide to Cloud Computing,"An essential guide to cloud computing, covering everything from the basics to advanced topics such as cloud security and management."
10,Cloud Computing: The Future of IT,"This book explores the future of cloud computing, including emerging trends, new technologies, and the impact on the IT industry."
11,Cloud Foundry: The Definitive Guide,"A comprehensive guide on how to use and deploy applications using the Cloud Foundry platform, including scaling, security, and automation."
12,Kubernetes: A Comprehensive Guide,"An in-depth guide on how to deploy, manage, and scale containerized applications using Kubernetes, including best practices for orchestration and networking."
13,Cloud Application Development: A Practical Guide,"A practical guide to developing and deploying cloud applications, including design principles, deployment strategies, and testing methodologies."
14,Cloud Security and Privacy,"An overview of the challenges and best practices for securing and ensuring privacy in cloud computing, including encryption, access control, and compliance."
15,Building Secure and Reliable Cloud Applications,"A guide to designing and implementing secure and reliable cloud applications, including best practices for authentication, authorization, and data protection."
16,Cloud Computing: From Beginning to End,"A beginner's guide to cloud computing, including an overview of cloud architecture, deployment models, and popular cloud services such as AWS, Azure, and GCP."
17,Cloud Native Java,"A guide to developing and deploying cloud-native applications using Java and Spring, including containerization, microservices, and service discovery."
18,Cloud Data Warehousing: A Guide to Modern Data Analytics,"An overview of cloud-based data warehousing, including how to design, build, and manage data warehouses for modern data analytics."
19,Cloud Computing and Distributed Systems: A Survey,"A survey of cloud computing and distributed systems, including an overview of the history, current state, and future of cloud computing and its impact on distributed systems."
20,Building Cloud Native Applications with Spring Boot and Spring Cloud,"A guide to building cloud-native applications using Spring Boot and Spring Cloud, including microservices, containerization, and service discovery."
21,Cloud-Native Machine Learning,This book covers the concepts and techniques needed for developing and deploying cloud-native machine learning applications.
22,Cloud Operations: A Practical Guide,"This book provides practical guidance for managing cloud operations and helps to understand the challenges, best practices, and tools for cloud operations."
23,"Cloud Computing: Concepts, Technology & Architecture","This book provides an overview of cloud computing technology, concepts, and architecture with practical examples and case studies."
24,Cloud-Native Infrastructure,"This book teaches how to design, deploy, and manage infrastructure that is optimized for cloud-native applications."
25,Mastering Cloud Development using Microsoft Azure,This book provides in-depth knowledge of Microsoft Azure and helps to develop and deploy cloud applications using Azure services.
26,Cloud-Native Transformation: Practical Patterns for Innovation,This book provides practical patterns and strategies for transforming traditional applications into cloud-native applications.
27,Cloud Service Providers: An Overview,"This book provides an overview of various cloud service providers and their offerings, and helps to choose the right cloud service provider."
28,Cloud-Native Applications in a Containerized World,This book covers the basics of containerization and teaches how to develop and deploy cloud-native applications in a containerized environment.
29,Cloud-Native Architectures,"This book teaches the principles, patterns, and practices for designing and implementing cloud-native architectures."
30,Learning Cloud-Native Java,"This book teaches how to develop cloud-native applications using Java, Spring Boot, and Spring Cloud, and covers the basics of cloud-native application."
31,Migrating to the Cloud: A Guide for Business Leaders,"A comprehensive guide to help business leaders understand the benefits and challenges of migrating to the cloud. It covers topics such as cost savings, scalability, and security considerations."
32,Serverless Computing in AWS,"A practical guide to building serverless applications in AWS, covering topics such as Lambda functions, API Gateway, and DynamoDB. It includes examples and best practices for developing, deploying, and scaling serverless applications."
33,Cloud Computing for Enterprises: A Practical Guide,"A practical guide to help enterprises understand and implement cloud computing, covering topics such as cloud architectures, migration strategies, and security considerations. It includes case studies and best practices for successful cloud adoption."
34,Cloud-Native Continuous Integration and Delivery,"A guide to implementing continuous integration and delivery (CI/CD) in cloud-native environments, covering topics such as containerization, automation, and testing. It includes examples and best practices for building and deploying cloud-native applications."
35,Designing Cloud-Native Applications,"A guide to designing and building cloud-native applications, covering topics such as microservices, containers, and orchestration. It includes examples and best practices for building scalable, resilient, and secure cloud-native applications."
36,Cloud Computing and Big Data: Technologies and Applications,"A comprehensive guide to the intersection of cloud computing and big data, covering topics such as data storage, processing, and analytics. It includes case studies and best practices for building and deploying big data applications in the cloud."
37,Cloud Computing for Business,"A guide to understanding and implementing cloud computing in a business context, covering topics such as cost savings, scalability, and security considerations. It includes case studies and best practices for successful cloud adoption."
38,Building Microservices with ASP.NET Core and Kubernetes,"A guide to building microservices with ASP.NET Core and Kubernetes, covering topics such as containerization, service discovery, and load balancing. It includes examples and best practices for building scalable and resilient microservices."
39,Cloud-Native Python,"A guide to building cloud-native applications with Python, covering topics such as containerization, orchestration, and automation. It includes examples and best practices for building scalable and resilient cloud-native applications."
40,Cloud-Based Virtualization: A Comprehensive Guide,"A comprehensive guide to cloud-based virtualization, covering topics such as virtual machines, containers, and hypervisors. It includes examples and best practices for deploying and managing virtualized environments in the cloud."
41,Migrating to the Cloud: A Guide for Business Leaders,"This guide helps business leaders to understand the benefits and challenges of migrating to the cloud. It provides practical advice on how to plan, execute, and manage a successful cloud migration strategy."
42,Serverless Computing in AWS,"This book explores the concept of serverless computing and how it can be used in AWS. It covers the basics of AWS Lambda, API Gateway, and other related services. It also provides examples of how to build serverless applications using AWS."
43,Cloud Computing for Enterprises: A Practical Guide,"This guide is aimed at helping enterprises understand cloud computing and how to adopt it in their operations. It covers cloud deployment models, cloud service models, and cloud migration strategies. It also provides best practices for cloud security and compliance."
44,Cloud-Native Continuous Integration and Delivery,"This book provides a practical guide on how to build, test, and deploy cloud-native applications using continuous integration and delivery (CI/CD) practices. It covers tools such as Jenkins, Git, and Docker, and also provides examples of CI/CD pipelines."
45,Designing Cloud-Native Applications,"This book explores the principles and best practices for designing cloud-native applications. It covers topics such as microservices architecture, containerization, and cloud deployment. It also provides case studies of companies that have successfully implemented cloud-native applications."
46,Cloud Computing and Big Data: Technologies and Applications,"This book covers the intersection of cloud computing and big data. It explores the different technologies and platforms used in big data analytics in the cloud, such as Hadoop and Spark. It also provides examples of real-world applications of cloud-based big data analytics."
47,Cloud Computing for Business,"This guide provides an introduction to cloud computing for business professionals. It covers cloud deployment models, cloud service models, and cloud migration strategies. It also provides examples of how cloud computing can benefit businesses of all sizes."
48,Building Microservices with ASP.NET Core and Kubernetes,"This book provides a practical guide on how to build microservices using ASP.NET Core and Kubernetes. It covers topics such as containerization, service discovery, and load balancing. It also provides examples of how to deploy and manage microservices in Kubernetes."
49,Cloud-Native Python,"This book explores the use of Python in cloud-native application development. It covers topics such as microservices architecture, containerization, and cloud deployment. It also provides examples of how to build cloud-native applications using Python and related tools."
50,Cloud-Based Virtualization: A Comprehensive Guide,"This guide provides a comprehensive overview of cloud-based virtualization. It covers topics such as virtualization technologies, cloud deployment models, and virtualization security. It also provides examples of how to deploy and manage virtualized infrastructure in the cloud."
51,Building Microservices on AWS,"Learn how to design and deploy microservices-based applications on the AWS cloud platform using various AWS services such as EC2, ECS, Lambda, and more."
52,Azure Machine Learning Cookbook,"Discover advanced machine learning techniques and implement them using Azure Machine Learning Studio, including regression, classification, and more."
53,GCP for Data Scientists,"Learn how to use Google Cloud Platform (GCP) to implement and deploy machine learning models, perform data analysis, and create data pipelines."
54,Serverless Applications with AWS Lambda,Explore the benefits of serverless computing and how to build and deploy serverless applications on AWS Lambda using various programming languages.
55,Securing Cloud Native Applications,Learn how to design and implement security strategies to protect cloud-native applications and infrastructure from various cyber threats and attacks.
56,AWS Certified Advanced Networking Official Study Guide,Prepare for the AWS Certified Advanced Networking exam and learn about advanced networking concepts and services on the AWS platform.
57,Practical Cloud Security,"Learn how to implement and manage security controls and strategies for cloud-based environments, including identity and access management, encryption, and more."
58,Google Cloud Platform for Developers,"Learn how to use Google Cloud Platform (GCP) to build scalable and reliable applications using various GCP services, including Compute Engine, Kubernetes Engine, and more."
59,DevOps with Azure,"Learn how to implement DevOps practices and tools using Azure DevOps, including continuous integration and delivery (CI/CD), automation, and more."
60,AWS Certified Solutions Architect Associate Exam Prep,"Prepare for the AWS Certified Solutions Architect Associate exam and learn about various AWS services, including EC2, S3, RDS, and more."
61,Hands-On Kubernetes on Azure,"A practical guide for deploying and managing Kubernetes on the Azure cloud platform. Covers topics such as Kubernetes architecture, cluster setup, and scaling."
62,GCP for Beginners,"A beginner's guide to the Google Cloud Platform, covering topics such as infrastructure, storage, and compute."
63,Cloud Security and Privacy,"An in-depth guide to cloud security and privacy, covering topics such as data protection, access control, and threat detection."
64,AWS Certified Developer Associate Exam Prep,"A comprehensive study guide for the AWS Certified Developer Associate exam, covering topics such as AWS services, deployment, and security."
65,Azure Data Factory Cookbook,"A practical guide to using Azure Data Factory, covering topics such as data integration, ETL, and data transformation."
66,Docker on AWS,"A guide to running Docker containers on AWS, covering topics such as containerization, deployment, and orchestration."
67,Building and Managing Serverless Applications on AWS,"A practical guide to building and deploying serverless applications on AWS, covering topics such as Lambda, API Gateway, and DynamoDB."
68,Mastering Azure Analytics,"A comprehensive guide to Azure Analytics, covering topics such as data warehousing, data lakes, and data visualization."
69,Architecting for the Cloud: AWS Best Practices,"A guide to designing and implementing cloud solutions on AWS, covering topics such as security, scalability, and fault tolerance."
70,Practical Google Cloud Platform,"A hands-on guide to the Google Cloud Platform, covering topics such as compute, storage, and networking."
71,Microsoft Azure Infrastructure Services for Architects,A comprehensive guide to designing and managing Azure infrastructure services for architects.
72,Big Data Analytics with Azure,An in-depth exploration of big data analytics using Azure's services and tools.
73,Google Cloud Platform Cookbook,A practical cookbook for developers to build and deploy applications on the Google Cloud Platform.
74,AWS Certified SysOps Administrator Official Study Guide,A guide for individuals preparing for the AWS Certified SysOps Administrator certification exam.
75,Deploying and Managing Applications on Azure,"A guide to deploying and managing applications on Azure, covering topics such as deployment, scaling, and monitoring."
76,Azure Data Engineering Cookbook,A comprehensive guide to building data engineering solutions using Azure's services and tools.
77,GCP for Business Leaders,A beginner's guide to understanding Google Cloud Platform and how it can benefit businesses.
78,AWS Networking Cookbook,"A guide to networking in AWS, covering topics such as VPCs, security groups, and network monitoring."
79,Azure DevOps for Web Developers,A practical guide for web developers to use Azure DevOps for continuous integration and delivery.
80,Cloud Computing and Security,An overview of cloud computing security risks and best practices to mitigate them.
81,Google Cloud Platform for Architects,This book is a comprehensive guide for architects and developers to design and implement solutions using Google Cloud Platform.
82,AWS Certified Cloud Practitioner Exam Prep,This book covers all the topics required to pass the AWS Certified Cloud Practitioner certification exam.
83,Building Applications on Azure,"This book teaches how to build cloud-native applications on Azure using different services such as App Service, Functions, and Cosmos DB."
84,GCP for DevOps,"This book provides an introduction to Google Cloud Platform for DevOps engineers and covers topics like deployment, automation, and monitoring."
85,AWS Certified Security Specialty Exam Prep,This book provides in-depth coverage of security topics required to pass the AWS Certified Security Specialty certification exam.
86,Azure Machine Learning Studio Cookbook,"This book covers the Azure Machine Learning Studio and teaches how to build, train, and deploy machine learning models using the Azure platform."
87,Deploying Applications with Docker and AWS,This book explains how to deploy and manage applications using Docker on AWS.
88,Mastering Google Cloud Platform,This book covers advanced topics and best practices for designing and implementing solutions on Google Cloud Platform.
89,AWS Certified Solutions Architect Professional Exam Prep,This book is a comprehensive guide for the AWS Certified Solutions Architect Professional certification exam.
90,Implementing DevOps on Azure,This book teaches how to implement DevOps practices on Azure using tools like Azure DevOps and Jenkins.
91,Cloud Computing and Virtualization,"This book explains how virtualization is used in cloud computing, the advantages of virtualization, and its various types."
92,GCP for Data Analysts,"This book provides data analysts with a comprehensive guide to using Google Cloud Platform for data analysis, including data storage, processing, and visualization."
93,Mastering AWS Security,"This book covers security aspects of AWS, including Identity and Access Management, Security Groups, and Network Security."
94,Microsoft Azure Cosmos DB Revealed,"This book provides an overview of Azure Cosmos DB, including data modeling, partitioning, and querying data using APIs."
95,Google Cloud Platform for Machine Learning,"This book covers the machine learning capabilities of Google Cloud Platform, including AutoML, TensorFlow, and machine learning APIs."
96,AWS Lambda in Action,"This book provides a comprehensive guide to using AWS Lambda for building serverless applications, including configuration, deployment, and testing."
97,Azure DevOps for Architects,"This book covers DevOps processes, practices, and tools in the context of Microsoft Azure, including Continuous Integration, Delivery, and Deployment."
98,Cloud Computing and IoT,"This book explores the role of cloud computing in the Internet of Things (IoT), including how cloud services can support IoT applications."
99,GCP for Data Engineers,"This book provides data engineers with a comprehensive guide to using Google Cloud Platform for data processing, storage, and analysis."
100,Azure for Architects,"This book provides an overview of Microsoft Azure architecture, including designing and implementing solutions using Azure services."
101,An Introduction to Google Cloud SQL,"An introductory guide to Google Cloud SQL that covers its architecture, features, and how to get started with using it for building applications."
102,An overview of AWS SageMaker: Machine learning made easy,"A comprehensive guide to AWS SageMaker that covers how it simplifies the process of building, training, and deploying machine learning models in the cloud."
103,An Overview of Google Cloud CDN,"An overview of Google Cloud CDN, its benefits, and how to get started with using it for delivering content to users across the globe."
104,An Overview of Google Cloud Functions,"A beginner-friendly introduction to Google Cloud Functions that covers its features, benefits, and how to use it for building serverless applications."
105,An Overview of Google Cloud Platform's Security,"An overview of the security features provided by Google Cloud Platform, including identity and access management, data protection, and network security."
106,An Overview of Google Cloud Spanner,"An introduction to Google Cloud Spanner, a fully managed relational database service that offers scalability, availability, and strong consistency."
107,AWS CloudTrail: Tracking user activity and API usage,"A detailed guide to AWS CloudTrail, a service that enables you to monitor and log user activity and API usage across your AWS infrastructure."
108,AWS CloudWatch: Monitoring and logging for your applications,"An in-depth look at AWS CloudWatch, a monitoring and logging service that helps you monitor your applications, resources, and services in real-time."
109,AWS CodeCommit: A managed source control service,"A practical guide to AWS CodeCommit, a managed source control service that enables you to store, manage, and version your code securely in the cloud."
110,AWS Elastic Beanstalk: Deploy web applications at scale,"A hands-on tutorial on AWS Elastic Beanstalk, a fully managed service that makes it easy to deploy and run web applications at scale in the AWS Cloud."
111,AWS IoT: Building internet of things applications,"A guide to building IoT applications using AWS IoT, a platform for connecting and managing IoT devices and data."
112,AWS Lambda vs EC2: Choosing the right compute service,"A comparison of AWS Lambda, a serverless compute service, and Amazon EC2, a traditional compute service, to help users choose the right service for their application."
113,Azure Active Directory,A cloud-based identity and access management service from Microsoft Azure that provides single sign-on and multi-factor authentication for applications and resources.
114,Azure Active Directory for Identity and Access Management,A guide to using Azure Active Directory for identity and access management in cloud-based applications and services.
115,Azure API Management,"A platform for building, publishing, and managing APIs with security, scalability, and analytics features."
116,Azure Arc for Hybrid and Multi-Cloud Management,"A service that enables management and governance of resources across on-premises, multi-cloud, and edge environments from a single control plane."
117,Azure Backup for Cloud Data Protection,"A service that provides backup and recovery for Azure virtual machines, on-premises machines, and Azure file shares."
118,Azure Batch for High-performance Computing,A service that enables batch processing and high-performance computing for large-scale parallel and compute-intensive workloads.
119,Azure Cognitive Services for AI Applications,"A suite of pre-built APIs and SDKs for building intelligent applications that can see, hear, speak, and understand natural language."
120,Azure Container Instances for Container Deployment,A service that provides a quick and easy way to run containers in Azure with no infrastructure to manage.
121,Azure Cosmos DB for Globally Distributed Applications,Learn how to use Azure Cosmos DB to build globally distributed applications that can provide low latency and high throughput to users worldwide.
122,Azure Cosmos DB for NoSQL Data,"Discover how to use Azure Cosmos DB, a fully managed NoSQL database service, to store and query data at scale with low latency and high availability."
123,Azure Data Factory for Data Integration and ETL,"Explore how to use Azure Data Factory, a fully managed, cloud-based data integration service, to orchestrate and automate data movement and transformation in the cloud."
124,Azure Data Lake Storage for Big Data Analytics,Learn how to use Azure Data Lake Storage to store and analyze large amounts of data with low latency and high performance.
125,Azure DevOps for CI/CD,Discover how to use Azure DevOps to implement continuous integration and delivery in your applications.
126,Azure DevOps for CI/CD Pipeline,Explore how to use Azure DevOps to create and manage continuous integration and delivery pipelines in your applications.
127,Azure DevOps for Continuous Integration and Deployment,Learn how to use Azure DevOps to implement continuous integration and deployment (CI/CD) in your applications.
128,Azure Event Grid for Event-driven Architecture,Discover how to use Azure Event Grid to build event-driven architectures and create custom event handlers for your applications.
129,Azure ExpressRoute for Dedicated Network Connection,"Learn how to use Azure ExpressRoute to create a dedicated, private connection between your on-premises infrastructure and Azure."
130,Azure Firewall for Network Security,Explore how to use Azure Firewall to protect your applications and data from threats by filtering network traffic and applying security policies.
131,Azure Front Door for Web Applications,A cloud-based service that optimizes web app performance and global routing for faster and secure user experience.
132,Azure Functions for Serverless Computing,A serverless compute service that allows running code on-demand without worrying about infrastructure.
133,Azure IoT Hub for Internet of Things Applications,"A scalable cloud-based service that connects, monitors, and manages Internet of Things (IoT) devices securely."
134,Azure IoT Hub for IoT Solutions,Azure IoT Hub provides tools to build scalable and secure IoT solutions with real-time analytics and monitoring.
135,Azure Kubernetes Service for Container Orchestration,"A fully managed container orchestration service that simplifies the deployment, scaling, and management of containerized applications."
136,Azure Machine Learning for Predictive Analytics,"A cloud-based service for building, training, and deploying machine learning models at scale."
137,Azure Monitor for Cloud Monitoring,Azure Monitor is a platform that provides end-to-end monitoring solutions for your cloud resources and applications.
138,Azure Security Best Practices,Azure Security Best Practices provides guidance and recommendations for securing your Azure resources and applications.
139,Azure Security Center,A unified security management system that provides threat protection across all your Azure workloads.
140,Azure Service Bus for Reliable Messaging,A cloud messaging service that facilitates communication between different applications and services securely and reliably.
141,Azure Site Recovery,Azure service for disaster recovery and business continuity to keep workloads and applications available
142,Azure SQL Database,Azure's fully managed relational cloud database service
143,Azure Stack,A hybrid cloud computing solution that lets you use Azure services from your company's or service provider's datacenter
144,Azure Storage,Azure's cloud storage service that provides data storage and backup solutions
145,Azure Stream Analytics,Real-time analytics and complex event processing over data streams in the cloud
146,Azure Synapse Analytics,A cloud-based analytics service that can perform big data processing tasks
147,Azure Traffic Manager,A traffic routing solution to optimize and manage global traffic distribution
148,Azure Virtual Desktop,A cloud-based service for virtualizing Windows desktops and apps
149,Azure SQL Database for Cloud-Based Database Management,"A fully managed, scalable, and secure relational database for cloud-based applications"
150,Azure SQL Database for Data Management,A cloud-based database management system that provides built-in intelligence and robust security
151,Azure Virtual WAN for Secure and Optimized Connectivity,"This book is a guide to understanding and implementing Azure Virtual WAN for secure and optimized connectivity across your cloud infrastructure. It covers best practices for design, deployment, and management of Azure Virtual WAN."
152,Best Practices for Azure Security,"This book covers best practices for securing your Azure resources, including identity and access management, network security, and data protection. It also provides guidance on compliance and governance in the Azure environment."
153,Best Practices for Data Management on Google Cloud Platform,"This book covers best practices for data management on Google Cloud Platform, including data storage, processing, and analysis. It also covers security and compliance considerations for data management in the cloud."
154,Best practices for securing your cloud environment,"This book covers best practices for securing your cloud environment, including identity and access management, network security, data protection, and compliance. It also provides guidance on monitoring and incident response in the cloud."
155,Big Data Processing with Google Cloud Platform,"This book is a guide to processing and analyzing big data with Google Cloud Platform, including tools like BigQuery, Dataflow, and Dataproc. It covers best practices for data processing, analysis, and visualization in the cloud."
156,Building a Cloud Center of Excellence: A Comprehensive Guide,"This book provides a comprehensive guide to building a Cloud Center of Excellence (CCOE) for managing cloud adoption in your organization. It covers best practices for governance, operations, and security in the cloud."
157,Building a cloud-native data warehouse,"This book is a guide to building a cloud-native data warehouse using modern cloud technologies like AWS, Azure, and Google Cloud Platform. It covers best practices for data modeling, ETL, and analytics in the cloud."
158,Building a resilient cloud architecture,"This book covers best practices for building a resilient cloud architecture that can withstand outages, disasters, and other disruptions. It covers topics like fault tolerance, disaster recovery, and high availability in the cloud."
159,Building an effective disaster recovery plan for the cloud,"This book is a guide to building an effective disaster recovery plan for your cloud environment. It covers best practices for backup, replication, and failover in the cloud, as well as monitoring and testing your disaster recovery plan."
160,Building and Managing Virtual Networks on Azure,"This book is a guide to building and managing virtual networks on Azure. It covers best practices for designing, deploying, and securing virtual networks, as well as managing network traffic and connectivity."
161,Building Applications with Google Cloud Firestore,"This course teaches how to build scalable and secure cloud-based applications using Google Cloud Firestore, a NoSQL document database. Participants will learn how to use Firestore to store, retrieve, and query data, as well as how to integrate it with other Google Cloud services."
162,Building data pipelines with AWS Glue and Amazon Athena,"This course covers how to build scalable and cost-effective data pipelines using AWS Glue, a fully managed ETL service, and Amazon Athena, a serverless query service. Participants will learn how to transform and process data in various formats and use Athena to query and analyze data stored in Amazon S3."
163,Building Microservices with Azure Service Fabric,"This course teaches how to design, develop, and deploy microservices-based applications using Azure Service Fabric, a distributed systems platform. Participants will learn how to build and manage microservices, use Service Fabric to manage and deploy them, and integrate them with other Azure services."
164,Building real-time applications with AWS AppSync,"This course teaches how to build real-time applications using AWS AppSync, a fully managed GraphQL service. Participants will learn how to create and deploy GraphQL APIs, use real-time data synchronization, and integrate with other AWS services such as DynamoDB, Lambda, and Elasticsearch."
165,Building scalable cloud applications with microservices,"This course covers how to design, develop, and deploy scalable and resilient cloud-based applications using microservices architecture. Participants will learn how to build and manage microservices, use container orchestration platforms such as Kubernetes and Docker Swarm, and integrate with cloud-native services such as AWS Lambda and Azure Functions."
166,Building Serverless Applications on Azure,"This course teaches how to build and deploy serverless applications using Azure Functions, Logic Apps, and Event Grid. Participants will learn how to design, develop, and deploy event-driven applications, use serverless compute and storage, and integrate with other Azure services."
167,Building serverless applications with AWS Lambda,"This course covers how to build and deploy serverless applications using AWS Lambda, a compute service that runs code in response to events. Participants will learn how to create and deploy Lambda functions, use serverless data storage and messaging services, and integrate with other AWS services."
168,Cloud AI: Harnessing the Power of Artificial Intelligence in the Cloud,"This course covers the basics of artificial intelligence and machine learning, and how to leverage cloud-based AI services such as AWS AI, Google Cloud AI, and Azure AI to build intelligent applications. Participants will learn how to use AI services for image and speech recognition, natural language processing, and predictive analytics."
169,Cloud Analytics: Driving Business Insights with Data,"This course teaches how to use cloud-based analytics services such as AWS Athena, Google BigQuery, and Azure Synapse Analytics to process and analyze large amounts of data. Participants will learn how to create data pipelines, perform data transformations and aggregations, and visualize data using BI tools."
170,Cloud Automation: Streamlining Your Business Processes,"This course covers how to automate and streamline business processes using cloud-based automation services such as AWS Step Functions, Google Cloud Workflows, and Azure Logic Apps. Participants will learn how to create and manage workflows, integrate with other cloud services, and monitor and troubleshoot automation processes."
171,Cloud Automation: Streamlining Your IT Operations,"This course provides insights on automating IT operations in the cloud environment for improved efficiency and scalability using tools like Ansible, Terraform, and CloudFormation."
172,Cloud Backup and Disaster Recovery: Planning for the Unexpected,"This course helps plan for unexpected events in the cloud environment by implementing a robust backup and disaster recovery strategy using AWS Backup, Azure Site Recovery, and Google Cloud Storage."
173,Cloud Compliance: Navigating Regulatory Requirements in the Cloud,This course provides an understanding of regulatory requirements and compliance standards for the cloud environment and how to ensure compliance using tools like Azure Policy and AWS Config.
174,Cloud Computing 101: An Introduction,"This course is an introduction to cloud computing, including basic concepts, types of cloud services, and the benefits of cloud computing."
175,Cloud Computing and Big Data: A Perfect Match?,"This course explores how cloud computing and big data are a perfect match, providing an overview of big data technologies and how they can be implemented in cloud environments using AWS EMR, Google BigQuery, and Azure HDInsight."
176,Cloud Computing and Cybersecurity: Protecting Your Business,"This course provides insights on securing cloud environments and protecting businesses from cyber threats using tools like AWS Security Hub, Azure Security Center, and Google Cloud Armor."
177,Cloud Computing and Data Privacy: What You Need to Know,"This course covers data privacy regulations and how they affect cloud computing, including GDPR, HIPAA, and CCPA, as well as best practices for data privacy in the cloud using tools like AWS KMS, Azure Key Vault, and Google Cloud HSM."
178,Cloud Computing and E-Commerce: Opportunities and Benefits,"This course explores the opportunities and benefits of cloud computing in e-commerce, including increased scalability, reduced costs, and improved customer experience using tools like AWS Elastic Beanstalk, Azure App Service, and Google Cloud Run."
179,Cloud Computing and Healthcare: Opportunities and Challenges,"This course provides insights on the opportunities and challenges of cloud computing in healthcare, including regulatory compliance, data security, and HIPAA compliance, as well as how to leverage cloud computing tools like AWS Comprehend Medical, Azure API for FHIR, and Google Healthcare API."
180,Cloud Computing and the Financial Services Industry,"This course explores the use of cloud computing in the financial services industry, including compliance requirements, risk management, and fraud detection, as well as how to implement cloud computing tools like AWS Personalize, Azure Machine Learning, and Google Cloud AI Platform for improved customer experience and operational efficienc"
181,Cloud Computing and the Future of Artificial Intelligence,This article explores the role of cloud computing in enabling and accelerating the development of AI.
182,Cloud Computing and the Gaming Industry,This article examines how cloud computing is transforming the gaming industry with its scalability and agility.
183,Cloud Computing and the Internet of Things (IoT),This article discusses the potential of cloud computing to power the Internet of Things (IoT) revolution.
184,Cloud Computing and Video Streaming: Challenges and Solutions,This article looks at the challenges facing video streaming services and how cloud computing can address them.
185,Cloud Computing for E-commerce: Optimizing Your Online Business,This article discusses the benefits of cloud computing for e-commerce businesses in terms of scalability and cost-effectiveness.
186,Cloud Computing for Education: Enabling Digital Learning,"This article explores the impact of cloud computing on the education industry, enabling digital learning."
187,Cloud Computing for Finance: Enhancing Financial Services,This article examines how cloud computing can enhance financial services with its flexibility and scalability.
188,Cloud Computing for Gaming: Enhancing the Gaming Experience,This article looks at how cloud computing can improve the gaming experience with reduced latency and enhanced graphics.
189,Cloud Computing for Government: Improving Citizen Services,This article discusses the use of cloud computing in the public sector to enhance citizen services and efficiency.
190,Cloud Computing for Legal Firms: Streamlining Legal Processes,"This article explores the benefits of cloud computing for legal firms, including increased efficiency and cost savings."
191,Cloud Computing for Marketing: Personalizing the Customer Experience,"Learn how cloud computing is helping businesses create personalized experiences for their customers through data analytics, machine learning, and AI."
192,Cloud Computing for Non-Profits: Challenges and Opportunities,"This article explores the challenges and opportunities of cloud computing for non-profit organizations, including cost savings, data security, and collaboration."
193,Cloud Computing for Nonprofits: Making a Difference in the Cloud,"Discover how non-profit organizations are leveraging cloud computing to improve their services, increase their reach, and make a difference in the world."
194,Cloud Computing for Small Businesses: Advantages and Best Practices,"Find out how cloud computing can benefit small businesses, including cost savings, scalability, and flexibility, and learn about best practices for successful cloud adoption."
195,Cloud Computing for Small Businesses: Benefits and Challenges,"This article discusses the benefits and challenges of cloud computing for small businesses, including cost savings, security, and integration with existing IT systems."
196,Cloud Computing for Startups: How to Get the Most Out of it,"Learn how startups can leverage cloud computing to accelerate their growth, reduce costs, and improve their agility, and get tips on how to choose the right cloud provider."
197,Cloud Computing in Agriculture: Farming in the Cloud,"This article explores the potential of cloud computing to transform the agriculture industry, from optimizing crop yields to improving supply chain management."
198,Cloud Computing in Education: Benefits and Use Cases,"Discover the benefits and use cases of cloud computing in education, including cost savings, collaboration, and remote learning."
199,Cloud Computing in Healthcare: Benefits and Challenges,"Learn how cloud computing is transforming the healthcare industry, from improving patient outcomes to reducing costs, and explore the challenges of cloud adoption in healthcare."
200,Cloud Computing in Healthcare: Opportunities and Challenges,"This article discusses the opportunities and challenges of cloud computing in healthcare, including data security, interoperability, and compliance with regulations."
201,Cloud Computing vs. On-Premises: Which One Is Right for Your Business?,"This article discusses the differences between cloud computing and on-premises computing, and how to determine which approach is best for your business."
202,Cloud Cost Optimization: Best Practices for Saving Money,"This article provides best practices for optimizing cloud costs, including monitoring usage, rightsizing resources, and leveraging discounts."
203,Cloud Governance: Best Practices for Managing Your Cloud Environment,"This article explains the importance of cloud governance and provides best practices for managing your cloud environment, including establishing policies, enforcing compliance, and monitoring usage."
204,Cloud Governance: Managing Risks and Compliance in the Cloud,"This article discusses the risks and compliance challenges associated with cloud computing and provides best practices for managing them, including risk assessment, compliance management, and security monitoring."
205,Cloud Migration Strategies for Enterprises,"This article outlines the key considerations and strategies for migrating enterprise applications and data to the cloud, including assessing workloads, choosing the right migration approach, and managing the migration process."
206,Cloud Migration Strategies for Your Enterprise,"This article provides practical tips and best practices for planning and executing a successful cloud migration for your enterprise, including setting clear objectives, defining a migration strategy, and conducting a readiness assessment."
207,Cloud Migration Strategies: Planning and Execution,"This article provides a step-by-step guide for planning and executing a cloud migration, including defining goals and objectives, selecting a migration approach, and monitoring and optimizing performance."
208,"Cloud Mobility: Enabling Productivity Anywhere, Anytime","This article explores how cloud mobility can enable businesses to support remote work and improve productivity by providing secure access to applications and data from anywhere, at any time."
209,Cloud Native Applications: Building Scalable and Resilient Solutions,"This article discusses the benefits and challenges of cloud native applications and provides best practices for building scalable, resilient, and agile solutions in the cloud."
210,Cloud Native Security: Best Practices for Protecting Your Applications,"This article provides best practices for securing cloud native applications, including implementing a zero-trust model, using automation and orchestration, and applying security at every layer of the stack."
211,Cloud Networking: Designing a Secure and Efficient Infrastructure,"This article provides an overview of cloud networking, including network design considerations, security best practices, and tools for optimizing network performance."
212,Cloud Security Best Practices for Small Businesses,"This article discusses the unique security challenges faced by small businesses in the cloud, and provides best practices for securing cloud environments."
213,Cloud Security Best Practices for Your Business,"This article covers the basics of cloud security, including key security risks, best practices for securing cloud environments, and tools for managing cloud security."
214,Cloud security risks and how to mitigate them,"This article explores the top security risks associated with cloud computing, and provides strategies for mitigating those risks."
215,Cloud Storage 101: What It Is and How It Works,"This article provides an introduction to cloud storage, including how it works, the benefits of cloud storage, and use cases for different types of cloud storage solutions."
216,Cloud Storage vs. On-Premises Storage: Which is Right for You?,"This article compares the pros and cons of cloud storage versus on-premises storage, and provides guidance for determining which storage option is best for your organization."
217,Cloud Storage: Solutions for Data Backup and Recovery,"This article explores the different types of cloud storage solutions available for data backup and recovery, and provides best practices for implementing cloud-based backup and recovery strategies."
218,Cloud-based application deployment strategies,"This article discusses best practices for deploying applications in the cloud, including strategies for optimizing performance, improving scalability, and ensuring reliability."
219,Cloud-Based CRM: Enhancing Customer Engagement and Relationships,"This article explores the benefits of cloud-based CRM solutions, including how they can enhance customer engagement and help businesses build better relationships with their customers."
220,Cloud-based customer relationship management,"This article provides an overview of cloud-based customer relationship management solutions, including their benefits, key features, and implementation best practices."
221,Cloud-based data analytics for business intelligence,"This article explores how cloud-based data analytics can provide businesses with real-time insights, improve decision-making, and drive growth."
222,Cloud-based Disaster Recovery Solutions for Businesses,This article discusses how businesses can implement cloud-based disaster recovery solutions to minimize downtime and ensure business continuity in the event of a disaster.
223,Cloud-based disaster recovery strategies for small businesses,"This article focuses on cloud-based disaster recovery strategies specifically tailored for small businesses, including key considerations and best practices."
224,Cloud-Based Disaster Recovery: Ensuring Business Continuity,This article explains how cloud-based disaster recovery can help businesses maintain operations during disruptions and ensure continuity.
225,Cloud-Based ERP: Benefits and Considerations for Your Business,This article examines the advantages and considerations of implementing a cloud-based enterprise resource planning (ERP) system for businesses.
226,Cloud-Based HR: Modernizing Your Human Resource Management,"This article explores how cloud-based HR systems can streamline HR processes, improve data accuracy, and enhance the employee experience."
227,Cloud-based machine learning for predictive analytics,"This article discusses how cloud-based machine learning can enable predictive analytics to help businesses gain insights, make better decisions, and drive growth."
228,Cloud-based mobile app development,"This article explores the benefits of cloud-based mobile app development, including scalability, cost-effectiveness, and faster time-to-market."
229,Cloud-Native Applications: What are They and Why Are They Important?,"This article explains what cloud-native applications are, their benefits, and why they are becoming increasingly important for modern businesses."
230,Cloud-Native Development: Building Applications for the Cloud,"This article discusses the principles of cloud-native development and how they can be used to build applications that are scalable, resilient, and optimized for the cloud."
231,Cloud-Native DevOps: Accelerating Your Application Development,Best practices for using cloud-native tools and practices in DevOps to speed up application development
232,"Comparing public, private, and hybrid cloud models","Understanding the differences between public, private, and hybrid cloud models and how to choose the right one for your organization"
233,Cost Optimization Strategies for Google Cloud Platform,Best practices for optimizing costs in Google Cloud Platform
234,Creating Virtual Machines in Azure,Step-by-step guide for creating and managing virtual machines in Azure
235,Data Analytics with Azure,Overview of Azure's data analytics services and how to use them for business insights
236,Deep dive into Amazon S3: Simple Storage Service,In-depth exploration of Amazon S3's features and how to use it for cloud storage
237,Deploying Applications on Azure,Best practices for deploying applications on Azure and managing them
238,Deploying Highly Available Applications with Azure Kubernetes Service,Best practices for deploying and managing highly available applications on Azure Kubernetes Service
239,Deploying microservices with AWS Fargate,Step-by-step guide for deploying and managing microservices with AWS Fargate
240,Deploying Windows Virtual Desktop on Azure,Step-by-step guide for deploying and managing Windows Virtual Desktop on Azure
241,Developing and Deploying Applications on Azure,"Learn how to develop, deploy, and manage cloud applications with Azure services."
242,Developing Serverless Applications on Google Cloud Platform,"Explore serverless computing on Google Cloud Platform, including functions, event-driven computing, and deploying applications."
243,Exploring Cloud Computing Services: A Comprehensive Guide,"A beginner's guide to cloud computing, including public, private, and hybrid clouds, and the benefits of cloud computing."
244,Exploring serverless computing in the cloud,"Learn about serverless computing, including use cases, architecture, and deployment options."
245,Getting started with AWS Glue: ETL made easy,"A guide to getting started with AWS Glue, a fully managed extract, transform, and load (ETL) service."
246,Getting started with AWS: A beginner's guide,"An introduction to Amazon Web Services (AWS), including services, pricing, and deployment options."
247,Getting Started with Azure Cognitive Services,"Learn how to use Azure Cognitive Services, including computer vision, natural language processing, and speech recognition."
248,Getting Started with Azure Kubernetes Service (AKS),"An introduction to Azure Kubernetes Service, including deployment, management, and scaling of containerized applications."
249,Getting Started with Google Cloud Platform,"A beginner's guide to Google Cloud Platform, including services, pricing, and deployment options."
250,Getting Started with Google Kubernetes Engine,"An introduction to Google Kubernetes Engine, including deployment, management, and scaling of containerized applications."
251,Google Cloud Platform for DevOps,"This article explores how Google Cloud Platform (GCP) can be used for DevOps, including its tools for continuous integration and deployment, infrastructure as code, and monitoring and logging."
252,Google Cloud Platform for E-commerce,"This article discusses how GCP can be used for e-commerce, including its tools for managing data, scaling, and personalization."
253,Google Cloud Platform for Gaming,"This article explores how GCP can be used for gaming, including its tools for scaling, latency reduction, and player analytics."
254,Google Cloud Platform for Healthcare,"This article discusses how GCP can be used for healthcare, including its tools for secure data management, machine learning, and compliance."
255,Google Cloud Platform Networking Basics,"This article provides an overview of GCP networking, including virtual private clouds, firewalls, load balancing, and hybrid connectivity."
256,Harnessing the power of cloud-native databases,"This article discusses the benefits of cloud-native databases, including scalability, availability, and manageability."
257,How to choose the right cloud provider for your business,"This article provides guidance on how to select a cloud provider based on factors such as cost, performance, features, and security."
258,How to Deploy Applications on Google Cloud Platform,"This article provides a step-by-step guide to deploying applications on GCP, including creating a project, selecting a deployment method, and configuring services."
259,How to Migrate to Google Cloud Platform,"This article provides guidance on migrating applications and data to GCP, including assessment, planning, and execution."
260,How to Monitor and Debug Applications on Google Cloud Platform,"This article explores GCP's tools for monitoring and debugging applications, including Stackdriver, Cloud Debugger, and Cloud Trace."
261,Implementing Machine Learning with Google Cloud Platform,"Learn about machine learning with Google Cloud Platform, including how to build and train models, use AutoML, and integrate with other GCP services."
262,Implementing Azure Networking Solutions,"Learn how to design and implement Azure networking solutions, including virtual networks, load balancers, and VPN gateways."
263,Implementing Azure Databricks for Big Data Processing,"Learn how to use Azure Databricks to process big data workloads, including how to set up and configure clusters, work with data, and integrate with other Azure services."
264,Implementing Disaster Recovery for Azure IaaS VMs,"Learn how to implement disaster recovery for Azure IaaS VMs, including how to configure replication, failover, and failback."
265,Implementing Disaster Recovery on Azure,"Learn how to implement disaster recovery on Azure, including how to use Azure Site Recovery to protect virtual machines, physical servers, and Azure VMs."
266,How to Use Google Cloud Identity and Access Management,"Learn how to use Google Cloud Identity and Access Management to manage users, roles, and permissions in GCP."
267,How to Use Google Cloud Vision API for Image Analysis,"Learn how to use Google Cloud Vision API to analyze and classify images, detect objects and faces, and extract text from images."
268,Hybrid Cloud: Benefits and Challenges,"Learn about the benefits and challenges of hybrid cloud, including how to integrate public and private cloud environments, manage data across environments, and ensure security and compliance."
269,Hybrid Cloud: Integrating Public and Private Cloud Environments,"Learn how to integrate public and private cloud environments in a hybrid cloud model, including how to use VPNs, direct connections, and hybrid cloud management tools."
270,Implementing a Hybrid Cloud Strategy: Benefits and Challenges,"Learn how to implement a hybrid cloud strategy, including how to assess your requirements, design your architecture, and manage your environment."
271,Introduction to Amazon ECS: Elastic Container Service,"An introduction to Amazon ECS, a fully-managed container orchestration service. The article covers key concepts, features, and benefits of using ECS to deploy and manage containerized applications."
272,Introduction to AWS CloudFormation,"An overview of AWS CloudFormation, a service that allows users to define and manage infrastructure as code. The article explains how CloudFormation works, its benefits, and provides a step-by-step guide on how to create a CloudFormation stack."
273,Introduction to Azure Logic Apps,"An introduction to Azure Logic Apps, a cloud-based service that allows users to create and run automated workflows. The article covers the basics of Logic Apps, its key features, and provides an example workflow to illustrate how it works."
274,Introduction to Azure Resource Manager,"An overview of Azure Resource Manager, a management layer in Azure that allows users to manage and organize resources in a consistent manner. The article explains how Resource Manager works, its benefits, and provides a step-by-step guide on how to create a resource group."
275,Introduction to Azure Stream Analytics,"An introduction to Azure Stream Analytics, a real-time data analytics service in Azure. The article covers the basics of Stream Analytics, its key features, and provides an example to demonstrate how it can be used to process streaming data."
276,Introduction to Google Cloud AI Platform,"An overview of Google Cloud AI Platform, a cloud-based platform for building and deploying machine learning models. The article explains the key features of AI Platform, how it works, and provides a step-by-step guide on how to train a machine learning model using AI Platform."
277,Introduction to Google Cloud Dataflow,"An introduction to Google Cloud Dataflow, a fully-managed service for executing batch and streaming data processing pipelines. The article covers the basics of Dataflow, its key features, and provides an example pipeline to illustrate how it works."
278,Introduction to Google Cloud Pub/Sub,"An overview of Google Cloud Pub/Sub, a messaging service for exchanging data between independent applications. The article explains how Pub/Sub works, its benefits, and provides a step-by-step guide on how to create a topic and a subscription."
279,Introduction to Google Cloud Storage,"An introduction to Google Cloud Storage, a fully-managed object storage service for storing and accessing data. The article covers the basics of Cloud Storage, its key features, and provides a step-by-step guide on how to create a bucket and upload an object."
280,Introduction to Microsoft Azure,"An overview of Microsoft Azure, a cloud computing platform for building, deploying, and managing applications and services. The article covers the key features of Azure, its benefits, and provides a step-by-step guide on how to create an Azure account and a virtual machine."
281,Leveraging cloud technology for agile software development,"Learn how cloud technology can enable agile software development and how to leverage it to increase productivity, speed, and flexibility."
282,Migrating to AWS: Strategies and best practices,"Discover the strategies and best practices for migrating your applications and data to Amazon Web Services (AWS), including planning, execution, and optimization."
283,Migrating to Azure: Strategies and Tools,"This article covers the strategies and tools for migrating your applications and data to Microsoft Azure, including planning, execution, and optimization."
284,Migrating your on-premises applications to the cloud,"Learn how to migrate your on-premises applications to the cloud, including considerations for architecture, security, and data management."
285,Monitoring and Diagnostics in Azure App Service,"Learn how to monitor and diagnose issues in your Azure App Service, including setting up alerts and using diagnostic tools."
286,Multi-Cloud Environments: Maximizing Benefits and Overcoming Challenges,This article explores the benefits and challenges of operating in a multi-cloud environment and strategies for maximizing the benefits while overcoming challenges.
287,Multi-Cloud Management: Strategies and Tools for Success,"Learn about the strategies and tools for managing a multi-cloud environment, including automation, monitoring, and governance."
288,Running containers on AWS with Amazon EKS,"This article covers how to run containers on AWS using Amazon Elastic Kubernetes Service (EKS), including setting up clusters, deploying containers, and managing workloads."
289,Running Microservices on Google Cloud Platform,"Discover how to run microservices on Google Cloud Platform, including designing and deploying microservices, managing communication between services, and monitoring performance."
290,Scaling Applications on Google Cloud Platform,"This article covers how to scale applications on Google Cloud Platform, including vertical and horizontal scaling, load balancing, and auto-scaling."
291,Securing your AWS infrastructure with IAM,This article discusses how to secure your AWS infrastructure using Identity and Access Management (IAM) to control access to AWS resources.
292,Serverless Computing: Building Applications Without Infrastructure,"This article explains the benefits of serverless computing, and how to build applications using AWS Lambda and other serverless technologies."
293,Serverless Computing: Building Apps Without Servers,"This article describes serverless computing, how it works, and the benefits of building apps without servers."
294,Serverless Computing: What is it and How Does it Work?,"This article provides an introduction to serverless computing, how it works, and the benefits of using serverless technologies."
295,The benefits of a cloud-based software development life cycle,"This article discusses the benefits of a cloud-based software development life cycle, including improved collaboration, scalability, and cost savings."
296,The benefits of using a cloud-based project management tool,"This article explores the benefits of using cloud-based project management tools, such as improved collaboration, accessibility, and scalability."
297,The future of cloud computing: Emerging trends and technologies,"This article examines emerging trends and technologies in cloud computing, such as edge computing, hybrid cloud, and serverless computing."
298,The Future of Cloud Computing: Emerging Trends to Watch,"This article discusses emerging trends to watch in cloud computing, including serverless computing, Kubernetes, and artificial intelligence."
299,The Future of Cloud Computing: Trends and Predictions,"This article offers predictions and trends for the future of cloud computing, such as increased adoption of hybrid cloud and the use of artificial intelligence."
300,The Impact of Cloud Computing on Business Intelligence,"This article explains the impact of cloud computing on business intelligence, including the benefits of cloud-based BI tools and the challenges of data integration."
301,The impact of cloud computing on data center design,"This article discusses the ways that cloud computing has impacted the design of data centers, including changes in power and cooling needs and the use of modular designs."
302,The Pros and Cons of Cloud Computing for Education,"This article explores the advantages and disadvantages of using cloud computing in education, including increased accessibility and cost savings as well as concerns around security and privacy."
303,The rise of edge computing in the cloud,"This article discusses the growing trend of using edge computing in conjunction with cloud computing, including the benefits of reduced latency and improved data processing capabilities."
304,The Role of Cloud Computing in DevOps,"This article explores the ways that cloud computing can facilitate the DevOps process, including increased automation and collaboration capabilities."
305,The role of cloud computing in digital transformation,"This article discusses the ways that cloud computing is driving digital transformation, including increased agility and scalability."
306,Understanding Azure Cloud Services,"This article provides an overview of the different Azure cloud services, including IaaS, PaaS, and SaaS, and their use cases."
307,"Understanding Cloud Infrastructure: IaaS, PaaS, and SaaS","This article explains the differences between IaaS, PaaS, and SaaS cloud infrastructure models and how they can be used for different business needs."
308,Understanding the economics of cloud computing,"This article explores the cost considerations of cloud computing, including the various pricing models and factors that affect costs."
309,Using AWS Secrets Manager to manage secrets,"This article explains how to use AWS Secrets Manager to securely manage secrets such as database passwords, API keys, and other sensitive information in the cloud."
310,Using Azure Monitor for Monitoring and Analytics,"This article discusses the capabilities of Azure Monitor for monitoring and analyzing Azure infrastructure and applications, including metrics, logs, and alerts."
311,Using Google Cloud Composer for Workflow Orchestration,"This article explains how to use Google Cloud Composer for workflow orchestration and automation, including setting up and configuring workflows using the drag-and-drop interface."
